,MAE,MSE,RMSE,R2,set,modelo
2,365.18311110542936,239825.61084544403,489.71993102736184,0.5008042993856998,test,Casual_est_Decision tree II Est-Cod
3,355.478078505216,235978.92755515839,485.7766231048571,0.4954546930574987,train,Casual_est_Decision tree II Est-Cod
6,506.9741203343384,402644.1978895182,634.5425107031981,0.8823655308535521,test,CNT_Cod_Decision tree II
7,457.3398432015181,329267.2284965884,573.8181144723374,0.9137070852808712,train,CNT_Cod_Decision tree II
