,MAE,MSE,RMSE,R2,set,modelo
0,186.32876712328766,93365.60273972603,305.5578549795865,0.8056600072501415,test,Casual_Cod_Decission Tree I
1,0.0,0.0,0.0,1.0,train,Casual_Cod_Decission Tree I
2,283.7788837663601,142447.342018855,377.4219681190471,0.7034966347043997,test,Casual_Cod_Decision tree II
3,270.53082269393343,140204.0407028677,374.4383002616956,0.7002304761535434,train,Casual_Cod_Decision tree II
