,MAE,MSE,RMSE,R2,set,modelo
0,293.13698630136986,252906.43835616438,502.8980397219345,0.4735766282841465,test,Casual_Cod_Decission Tree I
1,0.0,0.0,0.0,1.0,train,Casual_Cod_Decission Tree I
2,229.8814866285375,127755.39448749728,357.42886633216585,0.734077843339499,test,Casual_Cod_Decision tree II
3,205.13832896367194,101243.0648841946,318.1871538641914,0.7835327341427316,train,Casual_Cod_Decision tree II
