,MAE,MSE,RMSE,R2,set,modelo
2,318.96125689379113,234352.2281933408,484.099399083846,0.5121971155161991,test,Casual_est_Decision tree II Est-Cod
3,241.68567833422287,131658.24987627004,362.84741955299893,0.7185021866844097,train,Casual_est_Decision tree II Est-Cod
6,506.9741203343384,402644.1978895182,634.5425107031981,0.8823655308535521,test,CNT_Cod_Decision tree II
7,457.3398432015181,329267.2284965884,573.8181144723374,0.9137070852808712,train,CNT_Cod_Decision tree II
