,MAE,MSE,RMSE,R2,set,modelo
2,169.70450650947225,69061.568755171,262.79567872240784,0.8562487213991592,test,Casual_est_Decision tree II Est-Cod
3,144.24209693464832,47768.36298971672,218.5597469565627,0.8978667137083504,train,Casual_est_Decision tree II Est-Cod
6,229.8814866285375,127755.39448749728,357.42886633216585,0.734077843339499,test,Casual_Cod_Decision tree II
7,205.13832896367197,101243.0648841946,318.1871538641914,0.7835327341427316,train,Casual_Cod_Decision tree II
