,MAE,MSE,RMSE,R2,set,modelo
0,123.38356164383562,34378.08219178082,185.4132740441763,0.9899562753664397,test,CNT_Cod_Decission Tree I
1,0.0,0.0,0.0,1.0,train,CNT_Cod_Decission Tree I
2,506.97412033433835,402644.1978895182,634.5425107031981,0.8823655308535521,test,CNT_Cod_Decision tree II
3,457.3398432015181,329267.2284965884,573.8181144723374,0.9137070852808713,train,CNT_Cod_Decision tree II
