,MAE,MSE,RMSE,R2,set,modelo
2,524.4763607687123,510027.3405420478,714.1619848060017,0.850993021210004,test,CNT_est_ Decision tree II Est-Cod
3,547.5959082085488,541093.658005376,735.5906864591041,0.8581925413636995,train,CNT_est_ Decision tree II Est-Cod
6,506.9741203343384,402644.1978895182,634.5425107031981,0.8823655308535521,test,CNT_Cod_Decision tree II
7,457.3398432015181,329267.2284965884,573.8181144723374,0.9137070852808712,train,CNT_Cod_Decision tree II
