,MAE,MSE,RMSE,R2,set,modelo
2,526.958789643739,486331.40688825044,697.3746531730634,0.774697539210793,test,Reg_est_Decision tree II Est-Cod
3,538.2415077695405,508942.3008582245,713.4019209801895,0.7958581250691655,train,Reg_est_Decision tree II Est-Cod
6,403.0477486341697,264899.4040861886,514.6837903860861,0.8772802110723508,test,Reg_Cod_Decision tree II
7,387.1597919093248,244561.02273985543,494.5311140260594,0.901904114409574,train,Reg_Cod_Decision tree II
