,MAE,MSE,RMSE,R2,set,modelo
0,214.32191780821918,101141.78767123287,318.02796680674624,0.9531441043531363,test,Reg_Cod_Decission Tree I
1,0.0,0.0,0.0,1.0,train,Reg_Cod_Decission Tree I
2,403.0477486341697,264899.4040861886,514.6837903860861,0.8772802110723508,test,Reg_Cod_Decision tree II
3,387.15979190932484,244561.02273985546,494.53111402605947,0.9019041144095741,train,Reg_Cod_Decision tree II
