,MAE,MSE,RMSE,R2,set,modelo
0,314.85616438356163,260293.2397260274,510.1894155370409,0.4582010415312211,test,Casual_Cod_Decission Tree I
1,0.0,0.0,0.0,1.0,train,Casual_Cod_Decission Tree I
2,329.17144784000124,224042.72374756695,473.33151569229676,0.5336562927769253,test,Casual_Cod_Decision tree II
3,309.20109946057,193764.36771273188,440.1867418638729,0.5857134219779492,train,Casual_Cod_Decision tree II
