,MAE,MSE,RMSE,R2,set,modelo
0,1334.8219178082193,2897784.1232876712,1702.287908459574,0.1533982140294391,test,CNT_Cod_Decission Tree I
1,0.0,0.0,0.0,1.0,train,CNT_Cod_Decission Tree I
2,1178.0265306401818,2010210.5007463277,1417.8189238214898,0.4127071832466972,test,CNT_Cod_Decision tree II
3,933.5557242393901,1257529.603654174,1121.3962741395987,0.6704321430942719,train,CNT_Cod_Decision tree II
