,MAE,MSE,RMSE,R2,set,modelo
0,1131.554794520548,2121609.0616438356,1456.5744270870046,0.017123435478900495,test,Reg_Cod_Decission Tree I
1,0.0,0.0,0.0,1.0,train,Reg_Cod_Decission Tree I
2,1034.8728653070514,1436065.859311295,1198.3596535728725,0.33471462592061785,test,Reg_Cod_Decision tree II
3,949.7412355524959,1226216.583001015,1107.3466408496552,0.5081521974043175,train,Reg_Cod_Decision tree II
