,MAE,MSE,RMSE,R2,set,modelo
2,322.1233042522037,196367.90614668003,443.1341852607176,0.5912612746341419,test,Casual_est_Decision tree II Est-Cod
3,295.5105351757262,180467.4171555248,424.8145679652768,0.6141435622018773,train,Casual_est_Decision tree II Est-Cod
6,329.17144784000124,224042.72374756687,473.3315156922968,0.5336562927769253,test,Casual_Cod_Decision tree II
7,309.20109946057,193764.36771273188,440.1867418638729,0.5857134219779492,train,Casual_Cod_Decision tree II
0,284.5589270617981,154466.54989687592,393.022327478829,0.6968187670845831,test,Casual Cod Random Forest
1,237.41258925258174,124339.06256442655,352.6174450653662,0.7302154851302317,train,Casual Cod Random Forest
