,MAE,MSE,RMSE,R2,set,modelo
2,322.1233042522037,196367.90614668003,443.1341852607176,0.5912612746341419,test,Casual_est_Decision tree II Est-Cod
3,295.5105351757262,180467.4171555248,424.8145679652768,0.6141435622018773,train,Casual_est_Decision tree II Est-Cod
6,329.17144784000124,224042.72374756687,473.3315156922968,0.5336562927769253,test,Casual_Cod_Decision tree II
7,309.20109946057,193764.36771273188,440.1867418638729,0.5857134219779492,train,Casual_Cod_Decision tree II
0,282.1782180168924,148295.03899582688,385.09094899234765,0.7089319804966789,test,Casual Cod Random Forest
1,235.01424917618357,121792.89515493743,348.9883882809533,0.7357400284650369,train,Casual Cod Random Forest
