,MAE,MSE,RMSE,R2,set,modelo
2,1156.1785189118746,1970332.6509220952,1403.6853817441056,0.4243576918579315,test,CNT_est_ Decision tree II Est-Cod
3,898.9893404282362,1207630.853975572,1098.922587799328,0.6835093891058694,train,CNT_est_ Decision tree II Est-Cod
6,1178.0265306401818,2010210.500746328,1417.8189238214898,0.4127071832466972,test,CNT_Cod_Decision tree II
7,933.55572423939,1257529.603654174,1121.3962741395987,0.6704321430942719,train,CNT_Cod_Decision tree II
0,1025.7639407114575,1493976.3935646953,1222.2832705902078,0.5712559934546753,test,CNT Cod Random Forest
1,840.4752648523546,985577.5855911485,992.7626028367248,0.7411471573795085,train,CNT Cod Random Forest
