,MAE,MSE,RMSE,R2,set,modelo
2,1026.9372621387672,1489209.6905635735,1220.3317952768311,0.3100947149148372,test,Reg_est_Decision tree II Est-Cod
3,930.1233141110029,1228367.619883824,1108.3174725158058,0.5072893948792346,train,Reg_est_Decision tree II Est-Cod
6,1034.8728653070514,1436065.859311295,1198.3596535728725,0.3347146259206178,test,Reg_Cod_Decision tree II
7,949.741235552496,1226216.583001015,1107.3466408496552,0.5081521974043175,train,Reg_Cod_Decision tree II
0,898.6822649714087,1146493.8424680242,1070.7445271716424,0.48417181266938714,test,Reg Cod Random Forest
1,716.4797756462443,705537.3604780543,839.9627137427317,0.7156267779685034,train,Reg Cod Random Forest
