,MAE,MSE,RMSE,R2,set,modelo
2,977.36683376171,1309788.9263973555,1144.46010257997,0.3932148653118228,test,Reg_est_Decision tree II Est-Cod
3,858.0902982865796,1071703.4903161516,1035.2311289350566,0.5701289527042009,train,Reg_est_Decision tree II Est-Cod
6,943.8843924245836,1264007.3422344793,1124.2808111119211,0.4144240724998224,test,Reg_Cod_Decision tree II
7,937.1990670379316,1253689.2810726438,1119.6826698099082,0.4971326219351656,train,Reg_Cod_Decision tree II
0,906.6559964442172,1171587.3632495562,1082.398892853072,0.4728817866273661,test,Reg Cod Random Forest
1,701.0267350659706,682398.2115032233,826.0739745950258,0.7249532214960027,train,Reg Cod Random Forest
0,913.8379996820602,1184531.3702077926,1088.361782776202,0.46705804523535943,test,Reg Cod-Est Random Forest
1,703.3614099452703,687241.3606044916,829.0002174936334,0.7230011463943051,train,Reg Cod-Est Random Forest
